Date,Class 0,Class 1,final_pred
2019-12-20,0.41201556862831124,0.5879844313716888,1
2019-12-23,0.4848928964026773,0.5151071035973227,0
2019-12-24,0.49463897351703917,0.5053610264829609,0
2019-12-26,0.5031188463535078,0.4968811536464922,0
2019-12-27,0.4923587353048736,0.5076412646951264,0
2019-12-30,0.5050401833195602,0.4949598166804397,0
2019-12-31,0.5196907155229649,0.48030928447703514,0
2020-01-02,0.47673163467032026,0.5232683653296797,0
2020-01-03,0.48025762744637657,0.519742380004204,0
2020-01-06,0.4766776895345747,0.5233223104654253,0
2020-01-07,0.43949006360387044,0.5605099438467102,1
2020-01-08,0.4899118606570242,0.5100881393429758,0
2020-01-09,0.422640831677891,0.577359168322109,1
2020-01-10,0.501379599823493,0.498620400176507,0
2020-01-13,0.4654699605042647,0.5345300394957353,0
2020-01-14,0.4015865771349586,0.5984134228650414,1
2020-01-15,0.48906794863685543,0.5109320513631446,0
2020-01-16,0.4709010324139885,0.5290989675860116,0
2020-01-17,0.4302449392617945,0.5697550607382055,1
2020-01-21,0.4588951018357059,0.5411048981642941,0
2020-01-22,0.5161916539156923,0.4838083535348883,0
2020-01-23,0.4635543013064901,0.5364457061440905,0
2020-01-24,0.48756768336384143,0.512432309185578,0
2020-01-27,0.45167669520885345,0.5483233047911465,0
2020-01-28,0.4849465612598204,0.515053431289599,0
2020-01-29,0.4962548747976696,0.5037451252023304,0
2020-01-30,0.4309665853194109,0.5690334146805891,1
2020-01-31,0.4386684470463641,0.5613315529536359,1
2020-02-03,0.4293517067681631,0.5706482932318369,1
2020-02-04,0.4630619715132184,0.5369380284867815,0
2020-02-05,0.4786043782800683,0.5213956217199317,0
2020-02-06,0.43307637389230735,0.5669236261076926,1
2020-02-07,0.4311330761346955,0.5688669238653046,1
2020-02-10,0.5084187718725867,0.49158122812741334,0
2020-02-11,0.4314288152137207,0.5685711847862793,1
2020-02-12,0.47674215892113203,0.523257841078868,0
2020-02-13,0.4425136860409661,0.5574863139590339,1
2020-02-14,0.46241219426905267,0.5375878057309473,0
2020-02-18,0.4135073213415078,0.5864926786584922,1
2020-02-19,0.4632830145535103,0.5367169854464897,0
2020-02-20,0.4649175042544088,0.5350824957455912,0
2020-02-21,0.46731719415810435,0.5326828058418955,0
2020-02-24,0.5064527624041791,0.49354723759582086,0
2020-02-25,0.4909970394496966,0.5090029605503035,0
2020-02-26,0.5146431953177967,0.4853568046822033,0
2020-02-27,0.4926100182398847,0.5073899743095347,0
2020-02-28,0.46524084237097696,0.534759157629023,0
2020-03-02,0.426298655849781,0.573701344150219,1
2020-03-03,0.4614556209495585,0.5385443790504415,0
2020-03-04,0.43216135989295634,0.5678386401070437,1
2020-03-05,0.42267483846483184,0.5773251615351682,1
2020-03-06,0.4763671459800436,0.5236328540199564,0
2020-03-09,0.39736803856545744,0.6026319614345426,1
2020-03-10,0.4770342427482908,0.5229657572517092,0
2020-03-11,0.47870932337640776,0.5212906766235923,0
2020-03-12,0.4030341194261544,0.5969658805738456,1
2020-03-13,0.47721207376839947,0.5227879262316005,0
2020-03-16,0.4493665520840212,0.5506334479159788,0
2020-03-17,0.4756544178366714,0.5243455821633286,0
2020-03-18,0.37141964758702395,0.628580352412976,1
2020-03-19,0.4828312419851649,0.5171687580148351,0
2020-03-20,0.35800625672518815,0.6419937432748117,1
2020-03-23,0.3689587314668158,0.6310412685331842,1
2020-03-24,0.4918979724052725,0.5081020275947276,0
2020-03-25,0.39734350763880755,0.6026564923611923,1
2020-03-26,0.4666609046317296,0.5333390953682704,0
2020-03-27,0.44827433251112525,0.5517256674888747,0
2020-03-30,0.4738172897468177,0.5261827102531823,0
2020-03-31,0.4723148748676641,0.5276851251323359,0
2020-04-01,0.5016653231408288,0.49833467685917127,0
2020-04-02,0.4997504560310002,0.5002495439689998,0
2020-04-03,0.48509941711674986,0.5149005754326695,0
2020-04-06,0.46046188939068455,0.5395381106093154,0
2020-04-07,0.41962956215055125,0.5803704378494488,1
2020-04-08,0.5078175113645181,0.49218248118490127,0
2020-04-09,0.4995637079183901,0.5004362920816099,0
2020-04-13,0.438159998208137,0.561840001791863,1
2020-04-14,0.519957484399899,0.4800425230506816,0
2020-04-15,0.5504442575378408,0.4495557499127398,0
2020-04-16,0.4539456354271681,0.546054364572832,0
2020-04-17,0.4919003383616648,0.5080996616383351,0
2020-04-20,0.5067016136531239,0.49329839379745666,0
2020-04-21,0.4875332851879068,0.5124667148120932,0
2020-04-22,0.42930054029132464,0.5706994597086754,1
2020-04-23,0.5054716368167007,0.49452836318329924,0
2020-04-24,0.4139135852146566,0.5860864147853434,1
2020-04-27,0.4404971074751116,0.5595028925248884,1
2020-04-28,0.4144777810639163,0.5855222189360837,1
2020-04-29,0.4371429920174451,0.5628570079825548,1
2020-04-30,0.4854863613540762,0.5145136460965044,0
2020-05-01,0.509288838574791,0.49071116887578964,0
2020-05-04,0.4700178985317405,0.5299821014682595,0
2020-05-05,0.5083258472044232,0.49167415279557675,0
2020-05-06,0.49085376510493167,0.5091462348950684,0
2020-05-07,0.5174730815974031,0.4825269258531775,0
2020-05-08,0.48265414291955133,0.5173458570804487,0
2020-05-11,0.47247697654030046,0.5275230234596995,0
2020-05-12,0.5209568123237998,0.4790431876762002,0
2020-05-13,0.5065916905996001,0.4934083094003999,0
2020-05-14,0.5270681410805431,0.4729318589194569,0
2020-05-15,0.4624348859859679,0.5375651140140322,0
2020-05-18,0.4977803749093078,0.5022196250906922,0
2020-05-19,0.43495125633147225,0.5650487436685278,1
2020-05-20,0.46376290462798414,0.5362370953720159,0
2020-05-21,0.44036387463955184,0.559636125360448,1
2020-05-22,0.4858021361668819,0.5141978638331182,0
2020-05-26,0.4373454739556113,0.5626545260443887,1
2020-05-27,0.38806431729265434,0.6119356827073457,1
2020-05-28,0.5122876371919808,0.4877123628080192,0
2020-05-29,0.43281068022242297,0.567189319777577,1
2020-06-01,0.4776051020642095,0.5223948979357904,0
2020-06-02,0.4208164035521555,0.5791835964478445,1
2020-06-03,0.49546746178410483,0.5045325382158952,0
2020-06-04,0.46355024441223974,0.5364497555877603,0
2020-06-05,0.4676217691511294,0.5323782233982901,0
2020-06-08,0.4700554074000799,0.5299445925999201,0
2020-06-09,0.5176955224102077,0.4823044775897922,0
2020-06-10,0.4619390540681067,0.5380609459318932,0
2020-06-11,0.5339320846121491,0.46606791538785086,0
2020-06-12,0.5179273527605038,0.48207265469007676,0
2020-06-15,0.4932437668599988,0.5067562331400012,0
2020-06-16,0.5050625946723635,0.4949374053276366,0
2020-06-17,0.41490855386151715,0.5850914461384829,1
2020-06-18,0.44114056075057484,0.5588594392494252,1
2020-06-19,0.47984356505500025,0.5201564349449997,0
2020-06-22,0.4293240356176542,0.5706759643823458,1
2020-06-23,0.4193294731162453,0.5806705268837548,1
2020-06-24,0.46584818406534967,0.5341518159346503,0
2020-06-25,0.39511308820844904,0.604886911791551,1
2020-06-26,0.46581038062526264,0.5341896119241568,0
2020-06-29,0.4598709049854405,0.5401290950145596,0
2020-06-30,0.4204418886609457,0.5795581113390543,1
2020-07-01,0.4403314134132302,0.5596685865867699,1
2020-07-02,0.4211123290133263,0.5788876709866736,1
2020-07-06,0.44050984897447243,0.5594901510255276,1
2020-07-07,0.4954725027077983,0.5045274972922016,0
2020-07-08,0.5092395761142068,0.4907604238857932,0
2020-07-09,0.4790949742876719,0.5209050257123282,0
2020-07-10,0.49042957630804335,0.5095704311425372,0
2020-07-13,0.47209043039265447,0.5279095696073455,0
2020-07-14,0.44671715583641536,0.5532828441635846,1
2020-07-15,0.4938476261924157,0.5061523738075844,0
2020-07-16,0.44901169555485426,0.5509883044451457,0
2020-07-17,0.4738190477150076,0.5261809597355729,0
2020-07-20,0.4332238959989554,0.5667761040010446,1
2020-07-21,0.4735239614475485,0.5264760385524514,0
2020-07-22,0.44652880714441645,0.5534711928555835,1
2020-07-23,0.5353669514134429,0.4646330485865571,0
2020-07-24,0.4496644663274864,0.5503355336725136,0
2020-07-27,0.45002705706369245,0.5499729429363076,0
2020-07-28,0.4533124256629628,0.5466875743370372,0
2020-07-29,0.48830823620626473,0.5116917637937353,0
2020-07-30,0.4638582142846621,0.5361417857153379,0
2020-07-31,0.4761232825139059,0.5238767100355135,0
2020-08-03,0.49448195551572394,0.5055180370336954,0
2020-08-04,0.4915180309512971,0.508481969048703,0
2020-08-05,0.4679462080979787,0.5320537919020213,0
2020-08-06,0.423962436275928,0.5760375637240721,1
2020-08-07,0.48334073777605135,0.5166592622239488,0
2020-08-10,0.5020265945157103,0.4979734054842897,0
2020-08-11,0.5071235046684845,0.49287648788093485,0
2020-08-12,0.4861762843327121,0.5138237156672879,0
2020-08-13,0.4811034066883021,0.5188965933116978,0
2020-08-14,0.44541340320184414,0.5545865967981558,1
2020-08-17,0.4121162794220392,0.5878837205779608,1
2020-08-18,0.3857921267439569,0.6142078732560431,1
2020-08-19,0.4304672912902817,0.5695327087097183,1
2020-08-20,0.44632170476065886,0.5536782952393411,1
2020-08-21,0.5178597751539897,0.4821402248460102,0
2020-08-24,0.46268764271991664,0.5373123572800833,0
2020-08-25,0.46389744048326664,0.5361025595167334,0
2020-08-26,0.4124452722791984,0.5875547277208015,1
2020-08-27,0.49585739374492016,0.5041426137056605,0
2020-08-28,0.43332821058463794,0.5666717894153621,1
2020-08-31,0.48688174181788757,0.513118265632693,0
2020-09-01,0.503272079593646,0.49672792040635405,0
2020-09-02,0.460946947431361,0.539053052568639,0
2020-09-03,0.4395649264946435,0.5604350735053565,1
2020-09-04,0.41688874049660574,0.5831112595033943,1
2020-09-08,0.4401882414317415,0.5598117585682585,1
2020-09-09,0.4783793797163144,0.5216206202836856,0
2020-09-10,0.3956610946335057,0.6043389053664943,1
2020-09-11,0.4258845902646463,0.5741154097353537,1
2020-09-14,0.4012705782159065,0.5987294217840935,1
2020-09-15,0.38804281620235054,0.6119571837976494,1
2020-09-16,0.4877900132902786,0.5122099867097214,0
2020-09-17,0.47290650957283603,0.527093490427164,0
2020-09-18,0.477209050970125,0.522790949029875,0
2020-09-21,0.4812510206085713,0.5187489793914287,0
2020-09-22,0.5378394628131418,0.4621605371868582,0
2020-09-23,0.4833294702981784,0.5166705297018217,0
2020-09-24,0.5178187720389587,0.4821812279610413,0
2020-09-25,0.47419258133757014,0.5258074186624299,0
2020-09-28,0.473366626760719,0.5266333732392809,0
2020-09-29,0.43410920351194404,0.565890796488056,1
2020-09-30,0.45970553880163845,0.5402944611983616,0
2020-10-01,0.5170347640737557,0.4829652359262443,0
2020-10-02,0.45016007373489714,0.5498399262651029,0
2020-10-05,0.47901540263155207,0.5209845973684479,0
2020-10-06,0.4827757111521399,0.51722428884786,0
2020-10-07,0.5011776026369059,0.4988223973630941,0
2020-10-08,0.4502906771979246,0.5497093228020754,0
2020-10-09,0.4587549669668149,0.5412450330331852,0
2020-10-12,0.49934485007889284,0.5006551499211072,0
2020-10-13,0.45402415827532244,0.5459758417246776,0
2020-10-14,0.5514541634880767,0.4485458365119233,0
2020-10-15,0.465419600321926,0.534580399678074,0
2020-10-16,0.5125326487331671,0.48746735871741353,0
2020-10-19,0.5402190413104413,0.4597809661401393,0
2020-10-20,0.5050421829364392,0.4949578170635608,0
2020-10-21,0.5219319922161436,0.47806800033327584,0
2020-10-22,0.5047069452308502,0.4952930547691498,0
2020-10-23,0.47088971201254437,0.5291102879874556,0
2020-10-26,0.49672020907989023,0.5032797909201098,0
2020-10-27,0.5252215756340218,0.4747784243659781,0
2020-10-28,0.5231181594620434,0.47688184053795657,0
2020-10-29,0.5399434301685937,0.4600565698314062,0
2020-10-30,0.4892657305419762,0.5107342620074432,0
2020-11-02,0.4924014808714042,0.5075985191285959,0
2020-11-03,0.4091752037136754,0.5908247962863247,1
2020-11-04,0.36205345194723876,0.6379465480527613,1
2020-11-05,0.4704281109832853,0.5295718890167147,0
2020-11-06,0.41844100613589086,0.581558993864109,1
2020-11-09,0.4556002272313934,0.5443997727686066,0
2020-11-10,0.455784554246626,0.5442154457533741,0
2020-11-11,0.4476812569481883,0.5523187430518117,1
2020-11-12,0.45941301430006337,0.5405869856999366,0
2020-11-13,0.511790010863044,0.4882099965875366,0
2020-11-16,0.5001265558752944,0.4998734441247056,0
2020-11-17,0.529763823566586,0.4702361838839946,0
2020-11-18,0.4963470330969538,0.5036529669030462,0
2020-11-19,0.5182619969354106,0.48173801051516996,0
2020-11-20,0.45358729053927904,0.546412709460721,0
2020-11-23,0.4752606191302582,0.5247393808697418,0
2020-11-24,0.5333750923775719,0.46662490762242814,0
2020-11-25,0.4531418150848297,0.5468581849151704,0
2020-11-27,0.4761831061482936,0.5238168938517064,0
2020-11-30,0.46080417498146115,0.5391958324691195,0
2020-12-01,0.5190090461171992,0.4809909538828008,0
2020-12-02,0.49640125122298334,0.5035987487770167,0
2020-12-03,0.49697393348094987,0.5030260665190502,0
2020-12-04,0.522362441363405,0.47763755863659496,0
2020-12-07,0.48862895893201364,0.5113710410679864,0
2020-12-08,0.4700882287040048,0.5299117712959953,0
2020-12-09,0.45348665765043494,0.5465133423495651,0
2020-12-10,0.4470465038463186,0.5529534961536814,1
2020-12-11,0.4301672515311216,0.5698327484688783,1
2020-12-14,0.48653238901354456,0.5134676109864554,0
2020-12-15,0.4751177525733836,0.5248822474266164,0
2020-12-16,0.4808767226760514,0.5191232773239487,0
2020-12-17,0.4675032076064441,0.532496792393556,0
2020-12-18,0.4674466184219491,0.5325533815780509,0
2020-12-21,0.5422741633170121,0.457725836682988,0
2020-12-22,0.4848052155466563,0.5151947844533438,0
2020-12-23,0.4659585636584495,0.534041443792131,0
2020-12-24,0.49297066753390545,0.5070293324660946,0
2020-12-28,0.451029519228642,0.5489704807713581,0
2020-12-29,0.48621003286216213,0.5137899671378379,0
2020-12-30,0.43897030290337025,0.5610296970966296,1
2020-12-31,0.44737842109419923,0.5526215789058008,1
2021-01-04,0.46333837592250837,0.5366616240774916,0
2021-01-05,0.44728738664244816,0.552712613357552,1
2021-01-06,0.45970420515569105,0.540295794844309,0
2021-01-07,0.5043232675181484,0.4956767324818516,0
2021-01-08,0.4283042549442374,0.5716957450557627,1
2021-01-11,0.40746027413742425,0.5925397258625758,1
2021-01-12,0.44888551525902687,0.5511144847409731,0
2021-01-13,0.41848717370065963,0.5815128262993403,1
2021-01-14,0.44762948470736447,0.5523705152926356,1
2021-01-15,0.47256256035868305,0.527437439641317,0
2021-01-19,0.4376184744271491,0.5623815255728509,1
2021-01-20,0.460458351033587,0.539541648966413,0
2021-01-21,0.47542283652386896,0.5245771634761309,0
2021-01-22,0.4580184351683748,0.5419815648316252,0
2021-01-25,0.4847605460557261,0.515239453944274,0
2021-01-26,0.4299086796305424,0.5700913203694575,1
2021-01-27,0.451096015976433,0.548903984023567,0
2021-01-28,0.5069932139219016,0.4930067786275178,0
2021-01-29,0.5011443349516714,0.49885567249890916,0
2021-02-01,0.4807161128046977,0.5192838871953023,0
2021-02-02,0.4243018319532913,0.5756981680467087,1
2021-02-03,0.41194170749689035,0.5880582925031097,1
2021-02-04,0.44964927647261355,0.5503507235273865,0
2021-02-05,0.3533633827812828,0.6466366172187171,1
2021-02-08,0.4995920900379834,0.5004079099620167,0
2021-02-09,0.41096412939573834,0.5890358706042617,1
2021-02-10,0.48390385427170934,0.5160961457282907,0
2021-02-11,0.501151214567269,0.49884878543273115,0
2021-02-12,0.5064993009975638,0.4935006990024362,0
2021-02-16,0.4503160332581101,0.5496839667418899,0
2021-02-17,0.5745054868485522,0.4254945057008673,0
2021-02-18,0.4640581893668795,0.5359418106331206,0
2021-02-19,0.48131288821667234,0.5186871117833276,0
2021-02-22,0.5062130284680647,0.4937869715319353,0
2021-02-23,0.49401339296909064,0.5059866070309094,0
2021-02-24,0.5219541018619476,0.47804589813805237,0
2021-02-25,0.45794635314727433,0.5420536468527257,0
2021-02-26,0.528990385332477,0.471009614667523,0
2021-03-01,0.4420001138196965,0.5579998861803035,1
2021-03-02,0.4319049104625451,0.568095089537455,1
2021-03-03,0.42195171175486845,0.5780482882451314,1
2021-03-04,0.4642500272554314,0.5357499727445687,0
2021-03-05,0.5058453802217898,0.49415461977821007,0
2021-03-08,0.454437644288315,0.5455623557116849,0
2021-03-09,0.43472216866964963,0.5652778313303504,1
2021-03-10,0.4222390137139701,0.5777609862860299,1
2021-03-11,0.43299794291799276,0.5670020570820072,1
2021-03-12,0.46835528262323656,0.5316447173767634,0
2021-03-15,0.49015964079247276,0.5098403592075272,0
2021-03-16,0.5246203735439607,0.47537962645603926,0
2021-03-17,0.42680836472655304,0.573191635273447,1
2021-03-18,0.5389822537749096,0.4610177462250905,0
2021-03-19,0.5260604048224606,0.4739395951775394,0
2021-03-22,0.5066744473932088,0.49332554515621063,0
2021-03-23,0.48661231857812337,0.5133876814218767,0
2021-03-24,0.47379196992772643,0.5262080300722736,0
2021-03-25,0.4390047012120881,0.5609952987879119,1
2021-03-26,0.4639062038204491,0.5360937961795509,0
2021-03-29,0.44127655741895,0.5587234425810499,1
2021-03-30,0.4804903671465196,0.519509640304061,0
2021-03-31,0.45727782387746774,0.5427221761225323,0
2021-04-01,0.4752340138749861,0.524765986125014,0
2021-04-05,0.49176571519921125,0.5082342848007888,0
2021-04-06,0.4679526311235981,0.5320473688764018,0
2021-04-07,0.4605810511694237,0.5394189488305763,0
2021-04-08,0.43090499825515616,0.569095001744844,1
2021-04-09,0.5104516017435574,0.48954839080586193,0
2021-04-12,0.5035154393163701,0.4964845606836298,0
2021-04-13,0.47263477078761085,0.5273652292123892,0
2021-04-14,0.46114001998863274,0.5388599800113671,0
2021-04-15,0.4985571661641618,0.5014428338358381,0
2021-04-16,0.5241128492931968,0.47588714325622267,0
2021-04-19,0.49632333709762455,0.5036766554517949,0
2021-04-20,0.4987558732495169,0.5012441192999024,0
2021-04-21,0.44743463872021527,0.5525653612797848,1
2021-04-22,0.45697360752961247,0.5430263924703875,0
2021-04-23,0.4770087636062131,0.5229912438443676,0
2021-04-26,0.3928288112069859,0.6071711887930141,1
2021-04-27,0.45845169622452686,0.5415483037754731,0
2021-04-28,0.4511480041221152,0.5488519958778848,0
2021-04-29,0.4769693350449058,0.5230306649550942,0
2021-04-30,0.48547504737168934,0.5145249600788913,0
2021-05-03,0.44663442014512394,0.553365579854876,1
2021-05-04,0.4718727098706259,0.5281272901293741,0
2021-05-05,0.5081105775300989,0.4918894224699012,0
2021-05-06,0.4937161758797451,0.5062838166696744,0
2021-05-07,0.41795615992796176,0.5820438400720382,1
2021-05-10,0.4823259891188309,0.517674010881169,0
2021-05-11,0.45560369579464344,0.5443963042053566,0
2021-05-12,0.45142785004322933,0.5485721499567706,0
2021-05-13,0.5158831659625369,0.48411682658688243,0
2021-05-14,0.4988268254226589,0.5011731820279217,0
2021-05-17,0.48256753910836514,0.517432460891635,0
2021-05-18,0.4073369910718939,0.5926630089281062,1
2021-05-19,0.3895818759086239,0.6104181240913761,1
2021-05-20,0.5116732804187836,0.4883267195812163,0
2021-05-21,0.4045938706221888,0.5954061293778112,1
2021-05-24,0.4397694437851868,0.5602305562148132,1
2021-05-25,0.393195843866466,0.606804156133534,1
2021-05-26,0.4547716281992973,0.5452283718007027,0
2021-05-27,0.531227501776712,0.46877249077270744,0
2021-05-28,0.5053971568269056,0.4946028431730945,0
2021-06-01,0.4466023739107816,0.5533976260892184,1
2021-06-02,0.4494801231830533,0.5505198768169467,0
2021-06-03,0.5354845146930917,0.46451547785632774,0
2021-06-04,0.5369106525316303,0.46308934001778906,0
2021-06-07,0.49124983731074173,0.5087501626892583,0
2021-06-08,0.4324710944338679,0.5675289055661321,1
2021-06-09,0.51443809366459,0.48556191378599056,0
2021-06-10,0.4906142329661381,0.5093857595832814,0
2021-06-11,0.4942434044049383,0.5057565955950618,0
2021-06-14,0.4179911267061076,0.5820088732938924,1
2021-06-15,0.4748547900363112,0.5251452099636889,0
2021-06-16,0.49961804582205926,0.5003819467273601,0
2021-06-17,0.5089086932630846,0.49109130673691537,0
2021-06-18,0.4772322599390854,0.5227677400609146,0
2021-06-21,0.5270336497651297,0.4729663502348703,0
2021-06-22,0.46114014404150727,0.5388598559584927,0
2021-06-23,0.49529867968365276,0.5047013203163473,0
2021-06-24,0.44680790170939993,0.5531920982906001,1
2021-06-25,0.4733488382549088,0.5266511542945106,0
2021-06-28,0.48402050287609544,0.5159794971239046,0
2021-06-29,0.4089796947432658,0.5910203052567341,1
2021-06-30,0.49854506799452974,0.5014549245548896,0
2021-07-01,0.4659831738239948,0.5340168261760052,0
2021-07-02,0.4397869942916744,0.5602130057083257,1
2021-07-06,0.4482933384467221,0.551706661553278,0
2021-07-07,0.4514508881324898,0.5485491118675102,0
2021-07-08,0.47548263958205217,0.5245173604179478,0
2021-07-09,0.4397287255626899,0.5602712744373102,1
2021-07-12,0.4776179704881577,0.5223820295118423,0
2021-07-13,0.45949757059366114,0.5405024294063389,0
2021-07-14,0.4562568911499484,0.5437431088500515,0
2021-07-15,0.41725447823673134,0.5827455217632687,1
2021-07-16,0.5130945961223614,0.4869054038776386,0
2021-07-19,0.39959288641009116,0.6004071135899088,1
2021-07-20,0.4543120675719231,0.5456879324280769,0
2021-07-21,0.4746624014295756,0.5253375985704244,0
2021-07-22,0.4145088948379527,0.5854911051620473,1
2021-07-23,0.4662139724841846,0.5337860275158154,0
2021-07-26,0.42944358184205844,0.5705564181579417,1
2021-07-27,0.4582794518954534,0.5417205481045466,0
2021-07-28,0.45041565372145753,0.5495843462785424,0
2021-07-29,0.49222448773075117,0.5077755048186682,0
2021-07-30,0.43529710570150076,0.5647028942984993,1
2021-08-02,0.42139825376219103,0.578601746237809,1
2021-08-03,0.4596201032012693,0.5403798967987308,0
2021-08-04,0.42202001804483724,0.5779799819551628,1
2021-08-05,0.463750887071565,0.536249112928435,0
2021-08-06,0.5093898251767034,0.49061017482329655,0
2021-08-09,0.4467537889969519,0.5532462110030482,1
2021-08-10,0.4673218509990759,0.532678149000924,0
2021-08-11,0.48807175280023574,0.5119282471997643,0
2021-08-12,0.5015658547684163,0.4984341452315837,0
2021-08-13,0.46891128312328023,0.5310887168767198,0
2021-08-16,0.4782341972803064,0.5217658027196936,0
2021-08-17,0.5232923372724203,0.47670766272757975,0
2021-08-18,0.4859711322721097,0.5140288677278902,0
2021-08-19,0.5053265696528413,0.49467342289657806,0
2021-08-20,0.5353774928887534,0.4646225071112466,0
2021-08-23,0.47841573633970497,0.521584263660295,0
2021-08-24,0.4087925294629331,0.5912074705370669,1
2021-08-25,0.4259856566941649,0.5740143433058351,1
2021-08-26,0.43291677295756187,0.5670832270424382,1
2021-08-27,0.4665560129633628,0.5334439870366372,0
2021-08-30,0.437944973032498,0.562055026967502,1
2021-08-31,0.48349239653976855,0.5165076034602315,0
2021-09-01,0.4738557141685159,0.5261442858314842,0
2021-09-02,0.46518172092185434,0.5348182790781457,0
2021-09-03,0.4856325855604021,0.5143674144395979,0
2021-09-07,0.5115897095378634,0.48841029791271706,0
2021-09-08,0.4980592167215366,0.5019407832784635,0
2021-09-09,0.44511002951560263,0.5548899704843973,1
2021-09-10,0.46251871975391723,0.5374812802460828,0
2021-09-13,0.4830217247054622,0.5169782752945378,0
2021-09-14,0.4760030420991423,0.5239969579008577,0
2021-09-15,0.4548761882129528,0.5451238117870472,0
2021-09-16,0.44032389504818625,0.5596761049518137,1
2021-09-17,0.5294650119477305,0.47053498805226945,0
2021-09-20,0.41349705513085133,0.5865029448691487,1
2021-09-21,0.46436806951887005,0.5356319304811299,0
2021-09-22,0.5422591801064485,0.45774081989355153,0
2021-09-23,0.48132734830531704,0.5186726516946829,0
2021-09-24,0.42169064792497746,0.5783093520750225,1
2021-09-27,0.3989073294243176,0.6010926705756824,1
2021-09-28,0.5015008060906259,0.49849919390937414,0
2021-09-29,0.4596613693998399,0.5403386306001601,0
2021-09-30,0.47966134760444806,0.520338652395552,0
2021-10-01,0.4616034635818437,0.5383965364181563,0
2021-10-04,0.390687881498519,0.6093121185014809,1
2021-10-05,0.4608013379393754,0.5391986620606246,0
2021-10-06,0.46087479983400376,0.5391252001659963,0
2021-10-07,0.46686899420077643,0.5331310057992236,0
2021-10-08,0.4307799579492862,0.5692200420507137,1
2021-10-11,0.382565523627897,0.617434476372103,1
2021-10-12,0.4833426081631126,0.5166573918368874,0
2021-10-13,0.4655661946620967,0.5344338053379033,0
2021-10-14,0.5386878897874356,0.4613121102125644,0
2021-10-15,0.45581867107384,0.54418132892616,0
2021-10-18,0.47078727221043803,0.529212727789562,0
2021-10-19,0.46618957204787337,0.5338104279521266,0
2021-10-20,0.4875020888572497,0.5124979111427502,0
2021-10-21,0.44779335030235373,0.5522066496976463,0
2021-10-22,0.5055990907438859,0.49440090180553353,0
2021-10-25,0.4805411796549429,0.5194588203450571,0
2021-10-26,0.4805083356579971,0.5194916643420029,0
2021-10-27,0.528406765799195,0.47159323420080496,0
2021-10-28,0.4966303900144556,0.5033696099855445,0
2021-10-29,0.5151403359439569,0.484859664056043,0
2021-11-01,0.4397209652952676,0.5602790347047324,1
2021-11-02,0.46627008190616503,0.5337299180938351,0
2021-11-03,0.4527509893180696,0.5472490106819303,0
2021-11-04,0.3997901683081385,0.6002098316918615,1
2021-11-05,0.4993679526820367,0.5006320547685439,0
2021-11-08,0.502609872721326,0.49739012727867404,0
2021-11-09,0.49432098295405924,0.5056790170459408,0
2021-11-10,0.515291859224732,0.48470813332468754,0
2021-11-11,0.48938265879564985,0.5106173412043502,0
2021-11-12,0.4971476882264146,0.5028523117735854,0
2021-11-15,0.42427839314996385,0.5757216068500361,1
2021-11-16,0.519002771225128,0.48099722132429146,0
2021-11-17,0.5124796510118566,0.48752035643872405,0
2021-11-18,0.48678597914788957,0.5132140208521105,0
2021-11-19,0.4806538741368681,0.5193461258631319,0
2021-11-22,0.5113885837301246,0.48861141626987536,0
2021-11-23,0.5469399128606787,0.45306008713932133,0
2021-11-24,0.5031353930974315,0.4968646069025685,0
2021-11-26,0.47806125263589705,0.5219387473641028,0
2021-11-29,0.46937173548932987,0.5306282645106701,0
2021-11-30,0.44389168853697847,0.5561083114630216,1
2021-12-01,0.4931099628200186,0.5068900371799814,0
2021-12-02,0.43431400248349017,0.5656859975165099,1
2021-12-03,0.5369657403534012,0.46303426709717943,0
2021-12-06,0.48950711408028647,0.5104928933702941,0
2021-12-07,0.34191218729870565,0.6580878127012944,1
2021-12-08,0.4644340150066604,0.5355659849933396,0
2021-12-09,0.37360982846535934,0.6263901715346407,1
2021-12-10,0.4193931960949481,0.5806068039050519,1
2021-12-13,0.4836464433311558,0.5163535566688442,0
2021-12-14,0.44626361829136485,0.5537363817086352,1
2021-12-15,0.47512199031855007,0.5248780096814499,0
2021-12-16,0.5166366259360071,0.4833633740639929,0
2021-12-17,0.5006274396308437,0.4993725603691564,0
2021-12-20,0.4483765172133317,0.5516234827866683,0
2021-12-21,0.5307306514559629,0.4692693410934565,0
2021-12-22,0.43308496100606364,0.5669150389939364,1
2021-12-23,0.40360259071399845,0.5963974092860016,1
2021-12-27,0.45540988720692144,0.5445901127930785,0
2021-12-28,0.4745989583173039,0.5254010491332767,0
2021-12-29,0.479199738565477,0.520800261434523,0
2021-12-30,0.4737100252971275,0.5262899747028724,0
2021-12-31,0.5249680712702066,0.4750319287297934,0
2022-01-03,0.4552974919921358,0.5447025080078642,0
2022-01-04,0.4926674400755603,0.5073325599244397,0
2022-01-05,0.48160182087671344,0.5183981791232866,0
2022-01-06,0.5002465065651025,0.4997534859843169,0
2022-01-07,0.47806152212710196,0.521938477872898,0
2022-01-10,0.438775298713342,0.561224701286658,1
2022-01-11,0.44625179125902714,0.5537482087409729,1
2022-01-12,0.41623082735059447,0.5837691726494055,1
2022-01-13,0.4484146362477376,0.5515853637522624,0
2022-01-14,0.45467701966611473,0.5453229803338852,0
2022-01-18,0.4869305020967538,0.5130694979032462,0
2022-01-19,0.4872987452000973,0.5127012547999027,0
2022-01-20,0.45053400322053105,0.5494659967794688,0
2022-01-21,0.4984227844554181,0.5015772155445819,0
2022-01-24,0.45066366626184445,0.5493363337381555,0
2022-01-25,0.43937313560679225,0.5606268643932077,1
2022-01-26,0.4950960684437796,0.5049039315562204,0
2022-01-27,0.4103577593797,0.5896422406203,1
2022-01-28,0.37344762062418246,0.6265523793758175,1
2022-01-31,0.4214010345006718,0.5785989654993282,1
2022-02-01,0.45965880165910455,0.5403411983408954,0
2022-02-02,0.5114140250776206,0.4885859823729601,0
2022-02-03,0.4759852135134369,0.5240147864865631,0
2022-02-04,0.47545583017901455,0.5245441698209855,0
2022-02-07,0.5600128797729222,0.43998712767765835,0
2022-02-08,0.5151118428119623,0.4848881571880377,0
2022-02-09,0.513037307637396,0.48696268491202344,0
2022-02-10,0.49964225574100646,0.5003577442589936,0
2022-02-11,0.478726698560099,0.521273301439901,0
2022-02-14,0.46138473469950714,0.5386152653004928,0
2022-02-15,0.5270189912270025,0.4729810162235782,0
2022-02-16,0.41947153576194096,0.5805284642380589,1
2022-02-17,0.36642263272737285,0.6335773672726271,1
2022-02-18,0.47199342104462516,0.5280065789553748,0
2022-02-22,0.41278224570530775,0.5872177542946921,1
2022-02-23,0.4678168695906414,0.5321831304093586,0
2022-02-24,0.44441333250848264,0.5555866674915174,1
2022-02-25,0.4174988572581048,0.5825011427418951,1
2022-02-28,0.4338282620331361,0.5661717379668639,1
2022-03-01,0.4322325406897191,0.5677674593102809,1
2022-03-02,0.45747118638458456,0.5425288136154154,0
2022-03-03,0.493625428319972,0.506374571680028,0
2022-03-04,0.41077794315776356,0.5892220568422364,1
2022-03-07,0.4578241121193437,0.5421758878806563,0
2022-03-08,0.4398690478900389,0.5601309521099611,1
2022-03-09,0.4637226289540972,0.5362773710459028,0
2022-03-10,0.4906558939313909,0.5093441060686091,0
2022-03-11,0.4795197787991809,0.520480221200819,0
2022-03-14,0.45779949454037144,0.5422005054596286,0
2022-03-15,0.4474327411295945,0.5525672588704054,1
2022-03-16,0.449098493989172,0.550901506010828,0
2022-03-17,0.47825719093226554,0.5217428090677345,0
2022-03-18,0.39178894234093037,0.6082110576590696,1
2022-03-21,0.4834039075435437,0.5165960850058757,0
2022-03-22,0.5331685419963622,0.4668314654542184,0
2022-03-23,0.48022037381994476,0.5197796261800552,0
2022-03-24,0.5219674018338721,0.47803259816612786,0
2022-03-25,0.4927690176942148,0.5072309823057853,0
2022-03-28,0.4656368036859755,0.5343631963140245,0
2022-03-29,0.5392809018617788,0.4607190981382213,0
2022-03-30,0.5385819111893121,0.461418088810688,0
2022-03-31,0.5125979289653511,0.4874020710346489,0
2022-04-01,0.5038276814785854,0.4961723185214147,0
2022-04-04,0.49132646355995896,0.508673536440041,0
2022-04-05,0.49277610184357834,0.5072238981564217,0
2022-04-06,0.49783170309360736,0.5021682894558122,0
2022-04-07,0.5184077611193201,0.4815922388806799,0
2022-04-08,0.5186185320851343,0.4813814679148657,0
2022-04-11,0.42152165918240736,0.5784783408175926,1
2022-04-12,0.5294904148667876,0.4705095925837929,0
2022-04-13,0.48086905968994653,0.5191309403100535,0
2022-04-14,0.46760884110405,0.5323911514453694,0
2022-04-18,0.4403971740043269,0.5596028259956731,1
2022-04-19,0.4025701363091606,0.5974298636908393,1
2022-04-20,0.3990704809747655,0.6009295190252345,1
2022-04-21,0.38737450949285657,0.6126254905071433,1
2022-04-22,0.46381018574559996,0.5361898142544,0
2022-04-25,0.46389738785912715,0.536102612140873,0
2022-04-26,0.4644164330788068,0.5355835669211932,0
2022-04-27,0.5251257953185706,0.47487420468142943,0
2022-04-28,0.450236101879647,0.549763898120353,0
2022-04-29,0.47539806897011627,0.5246019310298837,0
2022-05-02,0.44714218428437513,0.5528578157156248,1
2022-05-03,0.4512066594526397,0.5487933405473604,0
2022-05-04,0.4069038857450842,0.5930961142549158,1
2022-05-05,0.3756280500892409,0.6243719499107591,1
2022-05-06,0.4029487026105978,0.5970512973894023,1
2022-05-09,0.44400780035090814,0.5559921996490919,1
2022-05-10,0.46313023098650924,0.5368697690134907,0
2022-05-11,0.4508235591320755,0.5491764408679245,0
2022-05-12,0.45041576350142254,0.5495842364985775,0
2022-05-13,0.43918859671643595,0.560811403283564,1
2022-05-16,0.3975411575066009,0.6024588424933991,1
2022-05-17,0.4453515313217876,0.5546484686782124,1
2022-05-18,0.4307727707940129,0.569227229205987,1
2022-05-19,0.49151324631901333,0.5084867536809867,0
2022-05-20,0.40951531277969155,0.5904846872203086,1
2022-05-23,0.5018527633358008,0.49814723666419936,0
2022-05-24,0.3923492404638438,0.6076507595361562,1
2022-05-25,0.4785955083885511,0.5214044916114489,0
2022-05-26,0.4579659653892577,0.5420340346107422,0
2022-05-27,0.40280040085286994,0.5971995991471301,1
2022-05-31,0.4468584350623337,0.5531415649376663,1
2022-06-01,0.5174054720349474,0.48259452796505264,0
2022-06-02,0.4300102059882335,0.5699897940117666,1
2022-06-03,0.47402557029724635,0.5259744297027538,0
2022-06-06,0.5078788136617597,0.49212118633824037,0
2022-06-07,0.4503125263459429,0.5496874736540571,0
2022-06-08,0.4894429487338371,0.5105570512661629,0
2022-06-09,0.5118781747193133,0.4881218252806867,0
2022-06-10,0.5033325546191283,0.4966674528314523,0
2022-06-13,0.48907205443343865,0.5109279455665614,0
2022-06-14,0.5050154796641071,0.49498452033589285,0
2022-06-15,0.47355892145952927,0.5264410785404707,0
2022-06-16,0.47052428461005785,0.5294757153899421,0
2022-06-17,0.43302938702305327,0.5669706129769467,1
2022-06-21,0.44181552277881925,0.5581844772211807,1
2022-06-22,0.5229032925884465,0.4770967074115534,0
2022-06-23,0.4246380668601325,0.5753619331398675,1
2022-06-24,0.4156648844985531,0.5843351155014469,1
2022-06-27,0.4379281037929127,0.5620718962070873,1
2022-06-28,0.4538999843173932,0.5461000156826068,0
2022-06-29,0.5456127425510449,0.45438724999837454,0
2022-06-30,0.49551470447278906,0.504485295527211,0
2022-07-01,0.45945317697928123,0.5405468230207189,0
2022-07-05,0.44146524301564205,0.558534756984358,1
2022-07-06,0.47663288397020953,0.5233671160297905,0
2022-07-07,0.46982305869472857,0.5301769413052715,0
2022-07-08,0.46339468323819333,0.5366053167618067,0
2022-07-11,0.46273070484537593,0.5372692951546241,0
2022-07-12,0.5338176818792796,0.46618231812072036,0
2022-07-13,0.4917351017340017,0.5082648982659983,0
2022-07-14,0.49669126262834856,0.5033087373716514,0
2022-07-15,0.48712550076628236,0.5128745066842982,0
2022-07-18,0.4631825394541843,0.5368174605458157,0
2022-07-19,0.5332224421194152,0.46677756533116543,0
2022-07-20,0.45178439029479656,0.5482156097052034,0
2022-07-21,0.49655138047554914,0.5034486195244509,0
2022-07-22,0.4145554972880332,0.5854445027119668,1
2022-07-25,0.44822501777588786,0.5517749822241123,0
2022-07-26,0.49857033858623306,0.501429661413767,0
2022-07-27,0.48916673958681056,0.5108332678637699,0
2022-07-28,0.459162023991448,0.540837976008552,0
2022-07-29,0.4897935182698223,0.5102064817301777,0
2022-08-01,0.4555835940421398,0.5444164134084407,0
2022-08-02,0.49040519078474776,0.5095948017646716,0
2022-08-03,0.46818781476150684,0.5318121852384932,0
2022-08-04,0.4850494517247633,0.5149505482752367,0
2022-08-05,0.5137835266205169,0.4862164659289026,0
2022-08-08,0.4711039436418776,0.5288960563581224,0
2022-08-09,0.5143494291909918,0.4856505708090082,0
2022-08-10,0.5101552354806416,0.48984476451935843,0
2022-08-11,0.5037005212174177,0.4962994862331629,0
2022-08-12,0.49899186146170926,0.5010081310877101,0
2022-08-15,0.43005610151313284,0.5699438984868671,1
2022-08-16,0.4581521755108657,0.5418478244891343,0
2022-08-17,0.49757334228814487,0.5024266577118552,0
2022-08-18,0.4785911721566269,0.5214088278433731,0
2022-08-19,0.49765079202833695,0.502349207971663,0
2022-08-22,0.5009169780804168,0.49908301446900266,0
2022-08-23,0.5127844149741959,0.4872155850258041,0
2022-08-24,0.5274685123299481,0.4725314951206325,0
2022-08-25,0.4954757798212215,0.5045242276293591,0
2022-08-26,0.41354504390583385,0.5864549560941661,1
2022-08-29,0.4646113542389563,0.5353886532116243,0
2022-08-30,0.46640330274275443,0.5335966972572455,0
2022-08-31,0.4829598848676052,0.5170401151323948,0
2022-09-01,0.447282799097064,0.552717200902936,1
2022-09-02,0.45364428804067214,0.5463557119593279,0
2022-09-06,0.46348877830638424,0.5365112216936156,0
2022-09-07,0.44090713258658965,0.5590928674134104,1
2022-09-08,0.4541985070764528,0.5458014929235471,0
2022-09-09,0.46606862793296827,0.5339313720670318,0
2022-09-12,0.3780846642951178,0.6219153357048822,1
2022-09-13,0.4518028488021578,0.5481971511978422,0
2022-09-14,0.42571181679204384,0.574288183207956,1
2022-09-15,0.43651693666539826,0.5634830633346017,1
2022-09-16,0.5159071622588054,0.48409283774119455,0
2022-09-19,0.4819558041511435,0.5180441958488565,0
2022-09-20,0.4309070783039123,0.5690929216960877,1
2022-09-21,0.4608110551204826,0.5391889448795173,0
2022-09-22,0.4824643658701663,0.5175356266792531,0
2022-09-23,0.468377642279836,0.5316223577201639,0
2022-09-26,0.45159666623890815,0.5484033337610918,0
2022-09-27,0.5027627889634487,0.4972372110365513,0
2022-09-28,0.4696168015074884,0.5303831984925116,0
2022-09-29,0.46419663130239325,0.5358033686976067,0
2022-09-30,0.4940623292833915,0.5059376707166086,0
2022-10-03,0.4181642807855683,0.5818357192144318,1
2022-10-04,0.42805085067845194,0.5719491493215481,1
2022-10-05,0.4439251175126564,0.5560748824873436,1
2022-10-06,0.5118534295834398,0.4881465629659796,0
2022-10-07,0.4837383138944813,0.5162616935560993,0
2022-10-10,0.47690009676023437,0.5230999032397656,0
2022-10-11,0.5259776382857074,0.47402236171429246,0
2022-10-12,0.5132620281440288,0.4867379718559711,0
2022-10-13,0.45639881251828684,0.5436011874817132,0
2022-10-14,0.42331388266382836,0.5766861173361717,1
2022-10-17,0.44359866656981,0.5564013334301899,1
2022-10-18,0.4999705692958055,0.5000294307041945,0
2022-10-19,0.48219179222742004,0.51780820777258,0
2022-10-20,0.4973611921397868,0.5026388078602132,0
2022-10-21,0.4922455604486125,0.5077544395513875,0
2022-10-24,0.5385987190751332,0.4614012734742862,0
2022-10-25,0.5523468203612185,0.44765317963878154,0
2022-10-26,0.49098932152594066,0.5090106784740593,0
2022-10-27,0.4466871172602162,0.5533128827397837,1
2022-10-28,0.4744686453001716,0.5255313546998284,0
2022-10-31,0.45069248440307913,0.5493075155969209,0
2022-11-01,0.4752749112549266,0.5247250887450734,0
2022-11-02,0.4428189217383208,0.5571810782616792,1
2022-11-03,0.48362923059589213,0.5163707694041079,0
2022-11-04,0.47397520694243966,0.5260247930575603,0
2022-11-07,0.4397790481447247,0.5602209518552753,1
2022-11-08,0.4785887231569559,0.5214112768430441,0
2022-11-09,0.5223548244602241,0.47764517553977587,0
2022-11-10,0.4994947070470766,0.500505300403504,0
2022-11-11,0.47961751551838677,0.5203824844816132,0
2022-11-14,0.45211894055525137,0.5478810594447486,0
2022-11-15,0.48265357205239967,0.5173464353981809,0
2022-11-16,0.5075704751813045,0.4924295248186955,0
2022-11-17,0.431365585853908,0.5686344141460921,1
2022-11-18,0.4389839555497495,0.5610160444502506,1
2022-11-21,0.5022591943244995,0.4977408056755005,0
2022-11-22,0.4517665324292272,0.5482334675707727,0
2022-11-23,0.47560568381796503,0.5243943087314544,0
2022-11-25,0.5189882530328476,0.48101175441773303,0
2022-11-28,0.5381455054836303,0.4618544945163698,0
2022-11-29,0.46595460471298955,0.5340453952870104,0
2022-11-30,0.46854267319603415,0.5314573268039658,0
2022-12-01,0.5181082323204101,0.4818917676795898,0
2022-12-02,0.48605830125698,0.51394169874302,0
2022-12-05,0.44599351588919256,0.5540064841108074,1
2022-12-06,0.5089926755342448,0.49100732446575523,0
2022-12-07,0.5069136903091569,0.49308630224026245,0
2022-12-08,0.4880757650816208,0.5119242349183791,0
2022-12-09,0.48230649949754756,0.5176935005024526,0
2022-12-12,0.4199082965286376,0.5800917034713624,1
2022-12-13,0.4835752881520696,0.5164247118479304,0
2022-12-14,0.4541129318410795,0.5458870681589205,0
2022-12-15,0.5025079061339905,0.49749209386600945,0
2022-12-16,0.5016092509673484,0.498390741582071,0
2022-12-19,0.4387499122560432,0.5612500877439568,1
2022-12-20,0.45290044790421435,0.5470995520957855,0
2022-12-21,0.44844534781977863,0.5515546521802214,0
2022-12-22,0.5045677498173211,0.4954322501826789,0
2022-12-23,0.5173498369538886,0.48265017049669207,0
2022-12-27,0.44573422289433207,0.5542657771056679,1
2022-12-28,0.5378787198555175,0.4621212801444825,0
2022-12-29,0.4602953582294283,0.5397046417705718,0
2022-12-30,0.40823811504396834,0.5917618849560317,1
2023-01-03,0.4430228223232257,0.5569771776767742,1
2023-01-04,0.4689243479462615,0.5310756520537385,0
2023-01-05,0.5104106880831659,0.4895893119168341,0
2023-01-06,0.5210456329156499,0.4789543670843502,0
2023-01-09,0.44404158026197815,0.5559584197380218,1
2023-01-10,0.4730346679098404,0.5269653320901596,0
2023-01-11,0.44949247212190546,0.5505075278780945,0
2023-01-12,0.5313194806295354,0.4686805193704645,0
2023-01-13,0.5145811079229541,0.48541888462646526,0
2023-01-17,0.4898626032965926,0.5101373967034074,0
2023-01-18,0.5226803285701613,0.4773196714298388,0
2023-01-19,0.50415353813163,0.49584646186836995,0
2023-01-20,0.53244563712918,0.4675543554202394,0
2023-01-23,0.4480018190861252,0.5519981809138748,0
2023-01-24,0.49281855228110527,0.5071814477188947,0
2023-01-25,0.4538137173496192,0.5461862826503808,0
2023-01-26,0.470820988514281,0.529179011485719,0
2023-01-27,0.49362622519638577,0.5063737748036142,0
2023-01-30,0.5257848232314848,0.4742151767685153,0
2023-01-31,0.4969734185517549,0.5030265888988257,0
2023-02-01,0.4690532090604149,0.5309467909395851,0
2023-02-02,0.4751100972196548,0.5248899027803451,0
2023-02-03,0.5068749650113993,0.49312504243918126,0
2023-02-06,0.44895142490189394,0.551048575098106,0
2023-02-07,0.4522111006638928,0.5477888993361072,0
2023-02-08,0.42804505793429337,0.5719549420657065,1
2023-02-09,0.4315914039419153,0.5684085960580847,1
2023-02-10,0.4991009171816114,0.5008990828183886,0
2023-02-13,0.42186703573209805,0.578132964267902,1
2023-02-14,0.44590897785648886,0.5540910221435111,1
2023-02-15,0.4541677784189117,0.5458322215810882,0
2023-02-16,0.46494661012754934,0.5350533898724507,0
2023-02-17,0.45700303304694206,0.5429969669530579,0
2023-02-21,0.47964863173164796,0.520351368268352,0
2023-02-22,0.45464736250367555,0.5453526374963245,0
2023-02-23,0.4886099917693839,0.5113900082306161,0
2023-02-24,0.42667369878989664,0.5733263012101033,1
2023-02-27,0.4682878750502312,0.5317121249497688,0
2023-02-28,0.39293491922369017,0.6070650807763098,1
2023-03-01,0.45759360653584275,0.5424063934641572,0
2023-03-02,0.4505416810726033,0.5494583189273967,0
2023-03-03,0.4014240072413904,0.5985759927586096,1
2023-03-06,0.45918922879598106,0.5408107712040189,0
2023-03-07,0.45297594412627706,0.5470240558737229,0
2023-03-08,0.4995196027369734,0.500480389812446,0
2023-03-09,0.4836159473274526,0.5163840526725474,0
2023-03-10,0.478118865544718,0.5218811419058625,0
2023-03-13,0.48930379595953,0.51069620404047,0
2023-03-14,0.48005800595518905,0.5199419940448109,0
2023-03-15,0.4684415976494503,0.5315584023505497,0
2023-03-16,0.4244101114011846,0.5755898885988153,1
2023-03-17,0.41888616559878816,0.5811138344012118,1
2023-03-20,0.41630533369939926,0.5836946663006007,1
2023-03-21,0.4339489559623252,0.5660510440376747,1
2023-03-22,0.49615487356281684,0.503845126437183,0
2023-03-23,0.45786763711980616,0.5421323628801938,0
2023-03-24,0.4107724893620449,0.5892275106379551,1
2023-03-27,0.4926917935299011,0.5073082064700989,0
2023-03-28,0.4413641628222534,0.5586358371777467,1
2023-03-29,0.5023226714890924,0.4976773285109076,0
2023-03-30,0.46866298956977837,0.5313370104302217,0
2023-03-31,0.47298594571454916,0.5270140542854509,0
2023-04-03,0.5116043571136696,0.48839564288633036,0
2023-04-04,0.4761033679575215,0.5238966320424784,0
2023-04-05,0.5362164181889768,0.46378358181102325,0
2023-04-06,0.48727677161943017,0.5127232283805698,0
2023-04-10,0.5070787046411243,0.4929212953588757,0
2023-04-11,0.519461138987288,0.4805388610127121,0
2023-04-12,0.47332956459417574,0.5266704354058243,0
2023-04-13,0.4559822908760888,0.5440177091239111,0
2023-04-14,0.4635219879763093,0.5364780120236907,0
2023-04-17,0.4782674579213201,0.5217325420786799,0
2023-04-18,0.49073871396368623,0.5092612934868944,0
2023-04-19,0.5425752530138599,0.45742473953555957,0
2023-04-20,0.5157307103416352,0.48426928220778426,0
2023-04-21,0.47970433704330534,0.5202956704072753,0
2023-04-24,0.5125292313673749,0.48747076863262506,0
2023-04-25,0.4859415934740724,0.5140584065259275,0
2023-04-26,0.45481762122484526,0.5451823787751547,0
2023-04-27,0.45268823660706997,0.54731176339293,0
2023-04-28,0.4817390741682109,0.5182609258317892,0
2023-05-01,0.394034239105049,0.605965760894951,1
2023-05-02,0.44434822497909576,0.5556517750209042,1
2023-05-03,0.4633840275003742,0.5366159724996258,0
2023-05-04,0.5007951781315267,0.49920482186847326,0
2023-05-05,0.5259443885585431,0.4740556039908764,0
2023-05-08,0.46978526273102006,0.5302147372689799,0
2023-05-09,0.4738854848436221,0.526114515156378,0
2023-05-10,0.47981380637733395,0.520186193622666,0
2023-05-11,0.46876099667009496,0.531239003329905,0
2023-05-12,0.5105123707255164,0.4894876292744837,0
2023-05-15,0.47234490361973214,0.5276550963802679,0
2023-05-16,0.4814607133914958,0.5185392866085041,0
2023-05-17,0.4875376517966592,0.5124623482033408,0
2023-05-18,0.4975005073391721,0.5024994926608279,0
2023-05-19,0.5159768421110382,0.4840231578889618,0
2023-05-22,0.5519753487297023,0.4480246438197172,0
2023-05-23,0.44163234933493833,0.5583676506650618,1
2023-05-24,0.49240004760217054,0.5075999449472488,0
2023-05-25,0.46208771446825986,0.5379122855317401,0
2023-05-26,0.4802103189619227,0.5197896810380773,0
2023-05-30,0.5125040749732812,0.48749591757613825,0
2023-05-31,0.4466076378471061,0.5533923621528939,1
2023-06-01,0.47167590282774174,0.5283240971722583,0
2023-06-02,0.5055166685636979,0.4944833314363021,0
2023-06-05,0.45107398682210076,0.5489260131778992,0
2023-06-06,0.5397809168870631,0.46021908311293686,0
2023-06-07,0.5177680775827234,0.48223192241727664,0
2023-06-08,0.47221521458459204,0.527784785415408,0
2023-06-09,0.4919847034930282,0.5080152965069717,0
2023-06-12,0.5379706970123569,0.46202930298764305,0
2023-06-13,0.5066220509229133,0.4933779490770867,0
2023-06-14,0.4944801241855511,0.5055198758144488,0
2023-06-15,0.528948728651381,0.47105127134861896,0
2023-06-16,0.5463641333206104,0.4536358666793896,0
2023-06-20,0.45555569302322013,0.5444443069767799,0
2023-06-21,0.46369053341341343,0.5363094665865866,0
2023-06-22,0.4336511710686792,0.5663488289313208,1
2023-06-23,0.46924916138853057,0.5307508386114694,0
2023-06-26,0.4765004697044739,0.5234995302955261,0
2023-06-27,0.47373827274973235,0.5262617272502677,0
2023-06-28,0.49725505252860136,0.5027449474713986,0
2023-06-29,0.4846192640819391,0.5153807359180609,0
2023-06-30,0.48186382645455544,0.518136166094864,0
2023-07-03,0.48069845342017936,0.5193015465798206,0
2023-07-05,0.4590944130606187,0.5409055869393813,0
2023-07-06,0.4987370913537439,0.5012629086462561,0
2023-07-07,0.487964690346707,0.512035309653293,0
2023-07-10,0.47442872046707446,0.5255712795329255,0
2023-07-11,0.49980526636122496,0.5001947336387751,0
2023-07-12,0.4527629679517495,0.5472370320482505,0
2023-07-13,0.46113334506920545,0.5388666549307946,0
2023-07-14,0.4629448385657434,0.5370551614342566,0
2023-07-17,0.484298055029798,0.515701944970202,0
2023-07-18,0.5773770350463373,0.42262296495366275,0
2023-07-19,0.47074109470453296,0.529258905295467,0
2023-07-20,0.4758990380611717,0.5241009619388283,0
2023-07-21,0.523474507355131,0.47652549264486904,0
2023-07-24,0.5039721393982479,0.49602786060175214,0
2023-07-25,0.4378513586077367,0.5621486413922633,1
2023-07-26,0.4909002701957652,0.5090997298042348,0
2023-07-27,0.4385456235619973,0.5614543764380028,1
2023-07-28,0.4705461383048153,0.5294538616951847,0
2023-07-31,0.491486399063238,0.5085135934861814,0
2023-08-01,0.5111351919421361,0.488864808057864,0
2023-08-02,0.4717191808902058,0.5282808265603748,0
2023-08-03,0.5207318493809099,0.47926815061909006,0
2023-08-04,0.48514766828490197,0.5148523317150979,0
2023-08-07,0.48514085738452506,0.5148591426154749,0
2023-08-08,0.49827388723766,0.50172611276234,0
2023-08-09,0.44889187918115236,0.5511081208188476,0
2023-08-10,0.43860410202112593,0.561395897978874,1
2023-08-11,0.40292385972822475,0.5970761402717752,1
2023-08-14,0.4437195380213853,0.5562804619786147,1
2023-08-15,0.4191956096842694,0.5808043903157305,1
2023-08-16,0.4696348469124907,0.5303651530875093,0
2023-08-17,0.48474257913531604,0.5152574208646838,0
2023-08-18,0.5019860020005348,0.4980139979994652,0
2023-08-21,0.45783094238744504,0.5421690576125548,0
2023-08-22,0.5157574336757846,0.4842425737747959,0
2023-08-23,0.45289175878794447,0.5471082412120556,0
2023-08-24,0.39012610650417456,0.6098738934958254,1
2023-08-25,0.48369660308503964,0.5163033969149604,0
2023-08-28,0.47446086082328365,0.5255391391767164,0
2023-08-29,0.42460869208915786,0.5753913079108421,1
2023-08-30,0.44664964179392785,0.553350358206072,1
2023-08-31,0.46771507281198993,0.5322849271880101,0
2023-09-01,0.4770143388141568,0.5229856611858432,0
2023-09-05,0.4560096126727848,0.5439903873272152,0
2023-09-06,0.5680075545194161,0.43199244548058396,0
2023-09-07,0.4757051252903811,0.5242948747096189,0
2023-09-08,0.4724034093335233,0.5275965906664767,0
2023-09-11,0.43992703379926956,0.5600729662007304,1
2023-09-12,0.5110803434225978,0.4889196640279828,0
2023-09-13,0.4527460648996805,0.5472539351003194,0
2023-09-14,0.42834875963215124,0.5716512403678488,1
2023-09-15,0.49646742546120515,0.5035325745387949,0
2023-09-18,0.5363694408764492,0.46363056657413143,0
2023-09-19,0.5150802913607997,0.48491970863920036,0
2023-09-20,0.48108439592922914,0.5189156040707709,0
2023-09-21,0.5268462824242914,0.473153710125128,0
2023-09-22,0.46544900751704876,0.5345509924829512,0
2023-09-25,0.5235158276615803,0.47648417233841966,0
2023-09-26,0.4661075903438955,0.5338924096561046,0
2023-09-27,0.449238135448587,0.5507618645514131,0
2023-09-28,0.45658740639099205,0.543412593609008,0
2023-09-29,0.4135518089092489,0.5864481910907511,1
2023-10-02,0.47216802614357933,0.5278319738564206,0
2023-10-03,0.4620888985268385,0.5379111014731616,0
2023-10-04,0.4439582556537385,0.5560417443462615,1
2023-10-05,0.4657932428926248,0.5342067571073752,0
2023-10-06,0.5144841878180637,0.48551581218193635,0
2023-10-09,0.4273402335106229,0.5726597664893771,1
2023-10-10,0.4333894854413412,0.5666105145586589,1
2023-10-11,0.44928131179592723,0.5507186882040728,0
2023-10-12,0.46745678426791504,0.532543215732085,0
2023-10-13,0.543517780751554,0.4564822266990266,0
2023-10-16,0.42437225757499014,0.5756277424250098,1
2023-10-17,0.49997888984948247,0.5000211101505176,0
2023-10-18,0.5232328005179133,0.4767671920315061,0
2023-10-19,0.4484202981693722,0.5515797018306279,0
2023-10-20,0.43227581645696256,0.5677241835430376,1
2023-10-23,0.5407788356193501,0.4592211643806499,0
2023-10-24,0.4307374509251406,0.5692625490748594,1
2023-10-25,0.47665663267116964,0.5233433673288304,0
2023-10-26,0.47056185815224916,0.5294381418477508,0
2023-10-27,0.4994652562144322,0.5005347512361484,0
2023-10-30,0.5221982103735594,0.47780178217585995,0
2023-10-31,0.49311014691302035,0.5068898530869796,0
2023-11-01,0.4266812084646381,0.5733187915353619,1
2023-11-02,0.4599261576167215,0.5400738423832785,0
2023-11-03,0.496098048718304,0.5039019512816961,0
2023-11-06,0.5304112187098194,0.46958878874076115,0
2023-11-07,0.5370082323608945,0.46299176763910566,0
2023-11-08,0.5034790315417027,0.4965209684582973,0
2023-11-09,0.46560344617290866,0.5343965538270914,0
2023-11-10,0.5480355667348548,0.4519644407157258,0
2023-11-13,0.5229052719723235,0.47709472802767655,0
2023-11-14,0.5059683830869115,0.49403162436366915,0
2023-11-15,0.42924944466701065,0.5707505553329894,1
2023-11-16,0.46581495420836083,0.5341850457916392,0
2023-11-17,0.489404190098828,0.510595809901172,0
2023-11-20,0.4111940938986117,0.5888059061013882,1
2023-11-21,0.49263608641149836,0.5073639135885016,0
2023-11-22,0.49589394694428457,0.5041060456051348,0
2023-11-24,0.48682779187414543,0.5131722155764352,0
2023-11-27,0.45354920667415366,0.5464507933258463,0
2023-11-28,0.5089708896086252,0.49102910294079416,0
2023-11-29,0.5228338123517172,0.4771661876482828,0
2023-11-30,0.5048293231767536,0.4951706768232464,0
2023-12-01,0.5191611835653527,0.48083882388522786,0
2023-12-04,0.4687271557340464,0.5312728442659537,0
2023-12-05,0.47784298836718486,0.5221570116328151,0
2023-12-06,0.45681349750374645,0.5431865024962536,0
2023-12-07,0.46490511293220727,0.5350948870677927,0
2023-12-08,0.499900368905587,0.5000996385449936,0
2023-12-11,0.47563680895800065,0.5243631910419994,0
2023-12-12,0.5070486461129572,0.49295135388704286,0
2023-12-13,0.46269182609437304,0.537308173905627,0
2023-12-14,0.519303135182019,0.4806968648179811,0
2023-12-15,0.495579109427138,0.5044208831222814,0
2023-12-18,0.48530910533056304,0.514690894669437,0
2023-12-19,0.540216970545083,0.459783029454917,0
2023-12-20,0.5097483414636843,0.49025165853631564,0
2023-12-21,0.4724859238752218,0.5275140761247781,0
2023-12-22,0.5146294645089452,0.4853705429416354,0
2023-12-26,0.45760958958577225,0.5423904104142278,0
2023-12-27,0.4628370745924183,0.5371629254075817,0
2023-12-28,0.44739508618733914,0.5526049138126609,1
2023-12-29,0.4785249748486834,0.5214750251513166,0
2024-01-02,0.4699273948062035,0.5300725977432159,0
2024-01-03,0.5422189122475884,0.4577810803018309,0
2024-01-04,0.4868219618715749,0.5131780306778445,0
2024-01-05,0.4923553178976602,0.5076446821023398,0
2024-01-08,0.46109629076989,0.53890370923011,0
2024-01-09,0.46847333035278715,0.5315266696472128,0
2024-01-10,0.4348485211543168,0.5651514788456832,1
2024-01-11,0.4348707291208236,0.5651292708791764,1
2024-01-12,0.4786765842424934,0.5213234232080871,0
2024-01-16,0.521746712464734,0.4782532875352659,0
2024-01-17,0.5162256896659172,0.4837743028835022,0
2024-01-18,0.46870824434670344,0.5312917556532966,0
2024-01-19,0.4829188604353245,0.5170811395646755,0
2024-01-22,0.4892362582603318,0.5107637417396682,0
2024-01-23,0.44570985218283987,0.5542901478171601,1
2024-01-24,0.3866662674747669,0.613333732525233,1
2024-01-25,0.488636193639917,0.5113638063600829,0
2024-01-26,0.49514715344604865,0.5048528465539514,0
2024-01-29,0.5175919106783429,0.4824080893216571,0
2024-01-30,0.4692559775338262,0.5307440224661738,0
2024-01-31,0.43458133999614135,0.5654186600038587,1
2024-02-01,0.49423557649219135,0.5057644235078086,0
2024-02-02,0.4384016208899293,0.5615983791100707,1
2024-02-05,0.4741340418687225,0.5258659581312775,0
2024-02-06,0.4639887736020101,0.5360112263979899,0
2024-02-07,0.46735070250718436,0.5326492974928156,0
2024-02-08,0.49209231169922807,0.5079076883007719,0
2024-02-09,0.47541852341121216,0.5245814765887878,0
2024-02-12,0.5319148991121885,0.4680851008878115,0
2024-02-13,0.46353356563849657,0.5364664343615035,0
2024-02-14,0.442699588421224,0.5573004115787761,1
2024-02-15,0.5344916308890905,0.46550836166032894,0
2024-02-16,0.4593391766303311,0.5406608233696689,0
2024-02-20,0.40550429946736727,0.5944957005326328,1
2024-02-21,0.4385713830377216,0.5614286169622784,1
2024-02-22,0.42971529407193576,0.5702847059280642,1
2024-02-23,0.4562637598547761,0.5437362401452239,0
2024-02-26,0.45680670931673134,0.5431932981338492,0
2024-02-27,0.41941101610922676,0.5805889838907732,1
2024-02-28,0.4495818065164984,0.5504181934835016,0
2024-02-29,0.5010853261438609,0.498914673856139,0
2024-03-01,0.5214753529314741,0.4785246545191065,0
2024-03-04,0.4589394353257883,0.5410605646742117,0
2024-03-05,0.4573352481911376,0.5426647518088625,0
2024-03-06,0.489110687439809,0.510889312560191,0
2024-03-07,0.437563380742377,0.562436619257623,1
2024-03-08,0.4818259246462415,0.5181740753537585,0
2024-03-11,0.44640746977671203,0.553592530223288,1
2024-03-12,0.41882379136855624,0.5811762086314437,1
2024-03-13,0.45711990561292165,0.5428800943870783,0
2024-03-14,0.4782556622893119,0.5217443377106881,0
2024-03-15,0.5175206773957068,0.4824793151537125,0
2024-03-18,0.467948665077088,0.5320513274723315,0
2024-03-19,0.4769283226888543,0.5230716773111457,0
2024-03-20,0.4586300485493535,0.5413699514506465,0
2024-03-21,0.516010489484312,0.4839895105156879,0
2024-03-22,0.5135804397826071,0.48641956021739285,0
2024-03-25,0.5077670595767003,0.4922329404232996,0
2024-03-26,0.5281835448328815,0.47181644771653786,0
2024-03-27,0.5115776669988679,0.4884223404517128,0
2024-03-28,0.43888416085772564,0.5611158391422744,1
